"title","subject_id"
"Overcoming Data Challenges in Machine Translation","subject_001"
"Experimental Methods Towards Controlling the Glycoform","subject_002"
"Interactions of DNA Polymerase Theta and Ku70/80 with Oxidative DNA Damage","subject_003"
"Control and Learning of Dynamics in Human Movement","subject_004"
"Local Public Health Performance and its Impact on Population Health","subject_005"
"THz and microwave spectroscopy on strongly correlated conductors","subject_007"
"Subjectivity in Flux: Youth in Latin American and Latino Literature","subject_009"
